Workbook

Sheet 全局参数
A1: 全局参数 —— 回合制口径：度量单位 = 单次行动伤害与击杀轮数，全程无"秒"
A3: 防御系数 K | B3: 1000 | C3: 防御减免 = K / (K + 防御)：边际收益递减，堆防永不满
A4: 基础命中率 | B4: 0.95 | C4: 保留 5% 未命中：回合内结果的随机性来源
A5: 克制倍率（有利） | B5: 1.3 | C5: 属性克制环：有利 ×1.3 / 不利 ×0.7
A6: 被克倍率（不利） | B6: 0.7
A7: Boss 生命（校验基准） | B7: 200000 | C7: 平衡校验的锚点目标
A8: 小怪生命 | B8: =ROUND(B7/8,0) | C8: Boss 生命 ÷ 8
A9: 精英生命 | B9: =ROUND(B7/2.5,0) | C9: Boss 生命 ÷ 2.5
A10: 小怪击杀轮数目标 | B10: 2 | C10: 小怪应在 2 轮内清掉（轮 = 我方 4 英雄各行动一次）
A11: 精英击杀轮数目标 | B11: 5
A12: Boss 击杀轮数目标 | B12: 10 | C12: 回合制平衡判据：Boss 需在 10 个我方轮内被击杀
A13: 行动伤害品质递增率 | B13: 1.15 | C13: 与养成线品质链同源：D-S 系数 1→1.75
A14: 行动伤害等级成长率 | B14: 0.06 | C14: 每级 +6%（低于养成 8%：战斗成长由养成供给，公式只做兑现）
A15: 行动伤害基准（Lv1） | B15: 800 | C15: 品质系数=1、等级 1 的单次行动期望伤害

Sheet 公式设定
A1: 战斗公式结构（回合制口径：无 DPS / 无秒，度量为单次行动伤害与击杀轮数）
A3: 公式组件 | B3: 公式 | C3: 设计意图
A4: 单次行动伤害（总） | B4: 期望伤害 = 攻击 × 技能倍率 × 防御减免 × 暴击期望 × 克制修正 × 命中率 | C4: 五因子彼此独立，逐项可调
A5: 防御减免 | B5: K / (K + 防御) K=1000 | C5: 边际收益递减：防御 1000 时减免 50%，再堆收益减半
A6: 暴击期望 | B6: 1 + 暴击率 × (暴击伤害 - 1) | C6: 率与伤乘算：两词缀互相牵制，防止单一堆叠
A7: 克制修正 | B7: 有利 1.3 / 中性 1.0 / 不利 0.7 | C7: 克制环提供策略层
A8: 命中率 | B8: 0.95 | C8: 回合内结果的随机性
A9: 击杀所需轮数 | B9: 目标生命 ÷ 团队每轮伤害（轮 = 我方 4 英雄各行动一次） | C9: 回合制平衡判据：替代实时口径的击杀时间
A10: 行动序列 | B10: 由速度（跑条）决定：行动份额 ∝ 速度，团队级验证见作品⑤ | C10: 速度是行动份额属性，不直接加伤害
A12: 设计原则：乘法结构逐因子独立调优；跑条（速度）与 buff/debuff 属于小队层，见作品⑤《四人小队回合制模拟》。

Sheet 行动验证表
A1: 行动验证表（8 组典型配置 → 单次行动期望伤害，全公式计算）
A3: 配置 | B3: 攻击 | C3: 技能倍率 | D3: 目标防御 | E3: 防御减免 | F3: 克制 | G3: 暴击期望 | H3: 命中率 | I3: 单次行动期望伤害
A4: 标准输出（Lv50 S品质） | B4: 6000 | C4: 1 | D4: 1500 | E4: =ROUND('全局参数'!$B$3/('全局参数'!$B$3+D4),3) | F4: 1.3 | G4: =ROUND(1+E4*(1.5-1),3) | H4: ='全局参数'!$B$4 | I4: =ROUND(B4*C4*E4*G4*F4*H4,0)
A5: 平民输出（Lv40 A品质） | B5: 4200 | C5: 1 | D5: 1800 | E5: =ROUND('全局参数'!$B$3/('全局参数'!$B$3+D5),3) | F5: 1 | G5: =ROUND(1+E5*(1.4-1),3) | H5: ='全局参数'!$B$4 | I5: =ROUND(B5*C5*E5*G5*F5*H5,0)
A6: 克制爆发（Lv60 S品质） | B6: 6500 | C6: 1.2 | D6: 1200 | E6: =ROUND('全局参数'!$B$3/('全局参数'!$B$3+D6),3) | F6: 1.3 | G6: =ROUND(1+E6*(1.6-1),3) | H6: ='全局参数'!$B$4 | I6: =ROUND(B6*C6*E6*G6*F6*H6,0)
A7: 被克阵容 | B7: 6000 | C7: 1 | D7: 1500 | E7: =ROUND('全局参数'!$B$3/('全局参数'!$B$3+D7),3) | F7: 0.7 | G7: =ROUND(1+E7*(1.5-1),3) | H7: ='全局参数'!$B$4 | I7: =ROUND(B7*C7*E7*G7*F7*H7,0)
A8: 高攻低暴（极端堆攻） | B8: 9000 | C8: 1 | D8: 1500 | E8: =ROUND('全局参数'!$B$3/('全局参数'!$B$3+D8),3) | F8: 1.3 | G8: =ROUND(1+E8*(1.2-1),3) | H8: ='全局参数'!$B$4 | I8: =ROUND(B8*C8*E8*G8*F8*H8,0)
A9: 低攻高暴（极端堆暴） | B9: 3500 | C9: 1 | D9: 1500 | E9: =ROUND('全局参数'!$B$3/('全局参数'!$B$3+D9),3) | F9: 1.3 | G9: =ROUND(1+E9*(2.2-1),3) | H9: ='全局参数'!$B$4 | I9: =ROUND(B9*C9*E9*G9*F9*H9,0)
A10: 防御型对手视角 | B10: 4500 | C10: 1 | D10: 2800 | E10: =ROUND('全局参数'!$B$3/('全局参数'!$B$3+D10),3) | F10: 1 | G10: =ROUND(1+E10*(1.4-1),3) | H10: ='全局参数'!$B$4 | I10: =ROUND(B10*C10*E10*G10*F10*H10,0)
A11: 后期毕业（Lv60 全养成） | B11: 11000 | C11: 1.3 | D11: 1600 | E11: =ROUND('全局参数'!$B$3/('全局参数'!$B$3+D11),3) | F11: 1.3 | G11: =ROUND(1+E11*(1.8-1),3) | H11: ='全局参数'!$B$4 | I11: =ROUND(B11*C11*E11*G11*F11*H11,0)
A13: 观察：极端堆攻（9000 攻/10% 暴）与极端堆暴（3500 攻/90% 暴）的单次期望接近——暴击期望公式 1+率×(伤-1) 的乘算设计天然抑制单一堆叠。
A14: 被克阵容伤害约为克制阵容的 54%（0.7/1.3）——克制环有策略权重但不一击定胜负。

Sheet 行动伤害标准曲线
A1: 单次行动伤害标准曲线（目标值：品质 × 等级双系数，与养成模型对齐）
A3: 等级 | B3: D | C3: C | D3: B | E3: A | F3: S | G3: S(毕业)
A4: 1 | B4: =ROUND('全局参数'!$B$15*1.0*(1+'全局参数'!$B$14*(1-1)),0) | C4: =ROUND('全局参数'!$B$15*1.15*(1+'全局参数'!$B$14*(1-1)),0) | D4: =ROUND('全局参数'!$B$15*1.32*(1+'全局参数'!$B$14*(1-1)),0) | E4: =ROUND('全局参数'!$B$15*1.52*(1+'全局参数'!$B$14*(1-1)),0) | F4: =ROUND('全局参数'!$B$15*1.75*(1+'全局参数'!$B$14*(1-1)),0) | G4: =ROUND('全局参数'!$B$15*1.75*1.5*(1+'全局参数'!$B$14*(1-1)),0)
A5: 10 | B5: =ROUND('全局参数'!$B$15*1.0*(1+'全局参数'!$B$14*(10-1)),0) | C5: =ROUND('全局参数'!$B$15*1.15*(1+'全局参数'!$B$14*(10-1)),0) | D5: =ROUND('全局参数'!$B$15*1.32*(1+'全局参数'!$B$14*(10-1)),0) | E5: =ROUND('全局参数'!$B$15*1.52*(1+'全局参数'!$B$14*(10-1)),0) | F5: =ROUND('全局参数'!$B$15*1.75*(1+'全局参数'!$B$14*(10-1)),0) | G5: =ROUND('全局参数'!$B$15*1.75*1.5*(1+'全局参数'!$B$14*(10-1)),0)
A6: 20 | B6: =ROUND('全局参数'!$B$15*1.0*(1+'全局参数'!$B$14*(20-1)),0) | C6: =ROUND('全局参数'!$B$15*1.15*(1+'全局参数'!$B$14*(20-1)),0) | D6: =ROUND('全局参数'!$B$15*1.32*(1+'全局参数'!$B$14*(20-1)),0) | E6: =ROUND('全局参数'!$B$15*1.52*(1+'全局参数'!$B$14*(20-1)),0) | F6: =ROUND('全局参数'!$B$15*1.75*(1+'全局参数'!$B$14*(20-1)),0) | G6: =ROUND('全局参数'!$B$15*1.75*1.5*(1+'全局参数'!$B$14*(20-1)),0)
A7: 30 | B7: =ROUND('全局参数'!$B$15*1.0*(1+'全局参数'!$B$14*(30-1)),0) | C7: =ROUND('全局参数'!$B$15*1.15*(1+'全局参数'!$B$14*(30-1)),0) | D7: =ROUND('全局参数'!$B$15*1.32*(1+'全局参数'!$B$14*(30-1)),0) | E7: =ROUND('全局参数'!$B$15*1.52*(1+'全局参数'!$B$14*(30-1)),0) | F7: =ROUND('全局参数'!$B$15*1.75*(1+'全局参数'!$B$14*(30-1)),0) | G7: =ROUND('全局参数'!$B$15*1.75*1.5*(1+'全局参数'!$B$14*(30-1)),0)
A8: 40 | B8: =ROUND('全局参数'!$B$15*1.0*(1+'全局参数'!$B$14*(40-1)),0) | C8: =ROUND('全局参数'!$B$15*1.15*(1+'全局参数'!$B$14*(40-1)),0) | D8: =ROUND('全局参数'!$B$15*1.32*(1+'全局参数'!$B$14*(40-1)),0) | E8: =ROUND('全局参数'!$B$15*1.52*(1+'全局参数'!$B$14*(40-1)),0) | F8: =ROUND('全局参数'!$B$15*1.75*(1+'全局参数'!$B$14*(40-1)),0) | G8: =ROUND('全局参数'!$B$15*1.75*1.5*(1+'全局参数'!$B$14*(40-1)),0)
A9: 50 | B9: =ROUND('全局参数'!$B$15*1.0*(1+'全局参数'!$B$14*(50-1)),0) | C9: =ROUND('全局参数'!$B$15*1.15*(1+'全局参数'!$B$14*(50-1)),0) | D9: =ROUND('全局参数'!$B$15*1.32*(1+'全局参数'!$B$14*(50-1)),0) | E9: =ROUND('全局参数'!$B$15*1.52*(1+'全局参数'!$B$14*(50-1)),0) | F9: =ROUND('全局参数'!$B$15*1.75*(1+'全局参数'!$B$14*(50-1)),0) | G9: =ROUND('全局参数'!$B$15*1.75*1.5*(1+'全局参数'!$B$14*(50-1)),0)
A10: 60 | B10: =ROUND('全局参数'!$B$15*1.0*(1+'全局参数'!$B$14*(60-1)),0) | C10: =ROUND('全局参数'!$B$15*1.15*(1+'全局参数'!$B$14*(60-1)),0) | D10: =ROUND('全局参数'!$B$15*1.32*(1+'全局参数'!$B$14*(60-1)),0) | E10: =ROUND('全局参数'!$B$15*1.52*(1+'全局参数'!$B$14*(60-1)),0) | F10: =ROUND('全局参数'!$B$15*1.75*(1+'全局参数'!$B$14*(60-1)),0) | G10: =ROUND('全局参数'!$B$15*1.75*1.5*(1+'全局参数'!$B$14*(60-1)),0)
A12: S(毕业) = 觉醒满 + 装备加成的毕业单发 ≈ S 基准 × 1.5，为设计预留的验证上限（待原型验证）。

Sheet 轮数平衡校验
A1: 击杀轮数平衡校验（团队每轮伤害 vs 三类目标）
A3: 团队每轮伤害（4 英雄各行动一次） | B3: ='行动验证表'!$I$4+'行动验证表'!$I$6+'行动验证表'!$I$10+'行动验证表'!$I$11 | C3: 构成：标准输出 + 克制爆发 + 防御型 + 后期毕业（取自行动验证表）
A6: 小怪 | B6: 生命 | C6: ='全局参数'!$B$9 | D6: 实际击杀轮数 | E6: =ROUND(C6/$B$3,1) | F6: 目标轮数 | G6: ='全局参数'!$B$10 | H6: =IF(E6<=G6,"✓ 节奏达标","⚠ 超目标 "&ROUND(E6-G6,1)&" 轮，需调生命或行动伤害")
A7: 精英 | B7: 生命 | C7: ='全局参数'!$B$10 | D7: 实际击杀轮数 | E7: =ROUND(C7/$B$3,1) | F7: 目标轮数 | G7: ='全局参数'!$B$11 | H7: =IF(E7<=G7,"✓ 节奏达标","⚠ 超目标 "&ROUND(E7-G7,1)&" 轮，需调生命或行动伤害")
A8: Boss | B8: 生命 | C8: ='全局参数'!$B$7 | D8: 实际击杀轮数 | E8: =ROUND(C8/$B$3,1) | F8: 目标轮数 | G8: ='全局参数'!$B$12 | H8: =IF(E8<=G8,"✓ 节奏达标","⚠ 超目标 "&ROUND(E8-G8,1)&" 轮，需调生命或行动伤害")
A10: 判据：实际击杀轮数 ≤ 目标轮数 = 节奏达标。回合制平衡不是精确相等，而是落在目标区间。

Sheet 说明
A1: 内容
A2: ① 回合制口径：无 DPS / 无秒——度量为"单次行动期望伤害"与"击杀所需轮数"（轮 = 我方 4 英雄各行动一次）
A3: ② 行动验证表：8 组典型配置验证极端堆叠策略（堆攻/堆暴）的期望收益，乘算公式天然抑制单一堆叠
A4: ③ 行动伤害标准曲线与养成线品质系数同源（×1.15 链）——战斗产出与养成投入一一对应
A5: ④ 轮数平衡判据：小怪 2 轮 / 精英 5 轮 / Boss 10 轮，实际击杀轮数落在目标区间即节奏达标
A6: ⑤ 与作品①联动：行动伤害等级成长率（6%）刻意低于养成线（8%）——战斗力成长由养成供给，公式只做兑现
A7: ⑥ 跑条（速度）与 buff/debuff 属于小队层建模：见作品⑤《四人小队回合制模拟》（行动份额 ∝ 速度，buff 按回合覆盖折算）
